metric,mean,std
mse,24.04693488441801,0.0
mae,2.4159472546965826,0.0
rmse,4.528646729756087,0.0
ssim,0.46186349465656423,0.0
psnr,21.39597662793385,0.0
total_inference_time_s,9.43394230006379,0.0
avg_infer_time_per_sample_s,0.0028458347813163773,0.0
seed,0.0,0.0
best_val_loss,22.79830543955618,0.0
best_epoch,100.0,0.0
total_train_time_s,58303.73548279998,0.0
trained_epochs,100.0,0.0
mean_train_mse,27.686307584998584,0.0
final_train_mse,30.3860171933171,0.0
mean_validation_mse,24.147739084969515,0.0
final_validation_mse,22.79830543955618,0.0
avg_epoch_time_s,583.0373548279998,0.0
model_parameters,894785.0,0.0
peak_gpu_memory_mib,5202.93701171875,0.0
peak_gpu_reserved_memory_mib,5394.0,0.0
co2_emissions_kg,0.2053339274639002,0.0
energy_consumed_kwh,2.08783023003925,0.0
gpu_energy_kwh,1.794288698763144,0.0
cpu_energy_kwh,0.13699535257055262,0.0
ram_energy_kwh,0.15654617870555504,0.0
codecarbon_duration_s,58305.4531352,0.0
